{
    "type": "minecraft:crafting_shaped",
    "category": "minecraft:items",
    "pattern": [
      " H ",
      "OWO",
      " O "
    ],
    "key": {
      "O": {
        "item": "minecraft:obsidian"
      },
      "W": {
        "item": "minecraft:water_bucket"
      },
      "H": {
        "item": "minecraft:wither_skeleton_skull"
      }
    },
    "result": {
        "item": "minecraft:potion",
        "count": 1,
        "nbt": "{Potion:\"mutantmonsters:chemical_x\",display:{Name:\"{\\\"text\\\":\\\"Chemical X\\\"}\",Lore:[\"mutates valid mobs or causes an explosion after a while.\"]}}"
    }

  } 